{
	"credit": "Made with Blockbench",
	"texture_size": [32, 32],
	"textures": {
		"0": "mikhail:item/holy_sword",
		"particle": "mikhail:item/holy_sword"
	},
	"elements": [
		{
			"from": [7, 0, 4],
			"to": [9, 4, 8],
			"rotation": {"angle": 45, "axis": "x", "origin": [7, 0, 8]},
			"faces": {
				"north": {"uv": [7, 2, 8, 4], "texture": "#0"},
				"east": {"uv": [5, 2, 7, 4], "texture": "#0"},
				"south": {"uv": [7, 4, 8, 6], "texture": "#0"},
				"west": {"uv": [5, 4, 7, 6], "texture": "#0"},
				"up": {"uv": [6, 9, 5, 7], "texture": "#0"},
				"down": {"uv": [7, 7, 6, 9], "texture": "#0"}
			}
		},
		{
			"from": [7.25, 1.5, 7],
			"to": [8.75, 32, 9],
			"rotation": {"angle": 0, "axis": "y", "origin": [7.75, 1.5, 7]},
			"faces": {
				"north": {"uv": [2, 0, 2.75, 15.25], "texture": "#0"},
				"east": {"uv": [0, 0, 1, 15.25], "texture": "#0"},
				"south": {"uv": [3, 0, 3.75, 15.25], "texture": "#0"},
				"west": {"uv": [1, 0, 2, 15.25], "texture": "#0"},
				"up": {"uv": [8.75, 3, 8, 2], "texture": "#0"},
				"down": {"uv": [8.75, 3, 8, 4], "texture": "#0"}
			}
		},
		{
			"from": [7.5, 23.75, -0.25],
			"to": [8.5, 25.75, 16.25],
			"rotation": {"angle": 0, "axis": "x", "origin": [8, 24.75, 8]},
			"faces": {
				"north": {"uv": [8, 4, 8.5, 5], "texture": "#0"},
				"east": {"uv": [4, 0, 12.25, 1], "texture": "#0"},
				"south": {"uv": [8, 5, 8.5, 6], "texture": "#0"},
				"west": {"uv": [4, 1, 12.25, 2], "texture": "#0"},
				"up": {"uv": [4.5, 10.25, 4, 2], "texture": "#0"},
				"down": {"uv": [5, 2, 4.5, 10.25], "texture": "#0"}
			}
		},
		{
			"from": [7.75, 17.75, 3.75],
			"to": [8.25, 18.75, 12.25],
			"rotation": {"angle": 0, "axis": "y", "origin": [8.25, 18.75, 8]},
			"faces": {
				"north": {"uv": [8, 7, 8.25, 7.5], "texture": "#0"},
				"east": {"uv": [5, 6, 9.25, 6.5], "texture": "#0"},
				"south": {"uv": [8, 7.5, 8.25, 8], "texture": "#0"},
				"west": {"uv": [5, 6.5, 9.25, 7], "texture": "#0"},
				"up": {"uv": [7.25, 11.25, 7, 7], "texture": "#0"},
				"down": {"uv": [7.75, 7, 7.5, 11.25], "texture": "#0"}
			}
		}
	],
	"display": {
		"thirdperson_righthand": {
			"rotation": [0, 90, 0],
			"translation": [0, -2.75, 0],
			"scale": [0.65, 0.65, 0.65]
		},
		"thirdperson_lefthand": {
			"rotation": [0, 90, 0],
			"translation": [0, -2.75, 0],
			"scale": [0.65, 0.65, 0.65]
		},
		"firstperson_righthand": {
			"rotation": [-5, 90, 0],
			"translation": [1.5, 0.25, 0],
			"scale": [0.25, 0.4, 0.4]
		},
		"firstperson_lefthand": {
			"rotation": [-5, 90, 0],
			"translation": [1.5, 0.25, 0],
			"scale": [0.25, 0.4, 0.4]
		},
		"ground": {
			"rotation": [45, 0, 0],
			"translation": [0, 2.5, -3.5],
			"scale": [0.6, 0.6, 0.6]
		},
		"gui": {
			"rotation": [90, 45, -90],
			"translation": [-3.75, -3.75, 0],
			"scale": [0.6, 0.6, 0.6]
		},
		"head": {
			"rotation": [0, -90, 0],
			"translation": [0, 4.5, 0]
		},
		"fixed": {
			"rotation": [90, -45, 90],
			"translation": [4.75, -4.75, 0],
			"scale": [0.7, 0.7, 0.7]
		}
	},
	"groups": [
		{
			"name": "group",
			"origin": [8.25, 18.75, 8],
			"color": 0,
			"children": [0, 1, 2, 3]
		}
	]
}
