{
	"credit": "Made with Blockbench",
	"texture_size": [64, 64],
	"textures": {
		"0": "mikhail:item/owner_hat",
		"particle": "mikhail:item/owner_hat"
	},
	"elements": [
		{
			"from": [3, 9, 4],
			"to": [4, 11.5, 12],
			"rotation": {"angle": 0, "axis": "y", "origin": [0, 5, 0]},
			"faces": {
				"north": {"uv": [10, 0.75, 10.5, 2], "texture": "#0"},
				"east": {"uv": [5.75, 8.25, 7.75, 8.75], "texture": "#0"},
				"south": {"uv": [8.5, 8.5, 8.75, 9], "texture": "#0"},
				"west": {"uv": [11.5, 12.75, 15.5, 14], "texture": "#0"},
				"up": {"uv": [8, 8.25, 7.75, 6.25], "texture": "#0"},
				"down": {"uv": [15.5, 6.5, 16, 10.5], "rotation": 180, "texture": "#0"}
			}
		},
		{
			"from": [3, 11.5, 3],
			"to": [13, 13, 13],
			"rotation": {"angle": 0, "axis": "y", "origin": [0, 5, 0]},
			"faces": {
				"north": {"uv": [5.5, 0, 10.5, 0.75], "texture": "#0"},
				"east": {"uv": [0, 12, 5, 12.75], "texture": "#0"},
				"south": {"uv": [11, 0, 16, 0.75], "texture": "#0"},
				"west": {"uv": [11, 12, 16, 12.75], "texture": "#0"},
				"up": {"uv": [0, 0, 5, 5], "rotation": 180, "texture": "#0"},
				"down": {"uv": [11, 6, 16, 11], "rotation": 180, "texture": "#0"}
			}
		},
		{
			"from": [3, 11.5, 1],
			"to": [13, 12.5, 3],
			"rotation": {"angle": 0, "axis": "y", "origin": [0, 5, 0]},
			"faces": {
				"north": {"uv": [5.5, 0.25, 10.5, 0.75], "texture": "#0"},
				"east": {"uv": [5, 12.25, 6, 12.75], "texture": "#0"},
				"south": {"uv": [6.75, 8.75, 9.25, 9], "texture": "#0"},
				"west": {"uv": [10, 12.25, 11, 12.75], "texture": "#0"},
				"up": {"uv": [0, 5, 5, 6], "rotation": 180, "texture": "#0"},
				"down": {"uv": [11, 5, 16, 6], "rotation": 180, "texture": "#0"}
			}
		},
		{
			"from": [3, 7, 12],
			"to": [13, 11.5, 13],
			"rotation": {"angle": 0, "axis": "y", "origin": [0, 5, 0]},
			"faces": {
				"north": {"uv": [6.5, 7, 9, 8], "texture": "#0"},
				"east": {"uv": [0, 12.75, 0.5, 15], "texture": "#0"},
				"south": {"uv": [11, 0.75, 16, 3], "texture": "#0"},
				"west": {"uv": [15.5, 12.75, 16, 15], "texture": "#0"},
				"up": {"uv": [9, 7, 6.5, 6.75], "texture": "#0"},
				"down": {"uv": [11, 10.5, 16, 11], "rotation": 180, "texture": "#0"}
			}
		},
		{
			"from": [4, 5, 12],
			"to": [12, 7, 13],
			"rotation": {"angle": 0, "axis": "y", "origin": [0, 5, 0]},
			"faces": {
				"north": {"uv": [7, 8, 9, 8.5], "texture": "#0"},
				"east": {"uv": [0, 15, 0.5, 16], "texture": "#0"},
				"south": {"uv": [11.5, 3, 15.5, 4], "texture": "#0"},
				"west": {"uv": [15.5, 15, 16, 16], "texture": "#0"},
				"up": {"uv": [9, 8, 7, 7.75], "texture": "#0"},
				"down": {"uv": [11.5, 10.5, 15.5, 11], "rotation": 180, "texture": "#0"}
			}
		},
		{
			"from": [12, 9, 4],
			"to": [13, 11.5, 12],
			"rotation": {"angle": 0, "axis": "y", "origin": [0, 5, 0]},
			"faces": {
				"north": {"uv": [5.5, 0.75, 6, 2], "texture": "#0"},
				"east": {"uv": [0.5, 12.75, 4.5, 14], "texture": "#0"},
				"south": {"uv": [9, 8.5, 9.25, 9], "texture": "#0"},
				"west": {"uv": [7, 8.5, 9, 9], "texture": "#0"},
				"up": {"uv": [7, 8.5, 6.75, 6.5], "texture": "#0"},
				"down": {"uv": [11, 6.5, 11.5, 10.5], "rotation": 180, "texture": "#0"}
			}
		},
		{
			"from": [12, 7, 6],
			"to": [13, 9, 12],
			"rotation": {"angle": 0, "axis": "y", "origin": [0, 5, 0]},
			"faces": {
				"north": {"uv": [5.5, 2, 6, 3], "texture": "#0"},
				"east": {"uv": [0.5, 14, 3.5, 15], "texture": "#0"},
				"south": {"uv": [8.25, 8.25, 8.5, 8.75], "texture": "#0"},
				"west": {"uv": [6.75, 8.25, 8.25, 8.75], "texture": "#0"},
				"up": {"uv": [6.75, 8.25, 6.5, 6.75], "texture": "#0"},
				"down": {"uv": [11, 7.5, 11.5, 10.5], "rotation": 180, "texture": "#0"}
			}
		},
		{
			"from": [3, 7, 6],
			"to": [4, 9, 12],
			"rotation": {"angle": 0, "axis": "y", "origin": [0, 5, 0]},
			"faces": {
				"north": {"uv": [10, 2, 10.5, 3], "texture": "#0"},
				"east": {"uv": [6, 8.75, 7.5, 9.25], "texture": "#0"},
				"south": {"uv": [9.25, 8.75, 9.5, 9.25], "texture": "#0"},
				"west": {"uv": [12.5, 14, 15.5, 15], "texture": "#0"},
				"up": {"uv": [7.75, 8.75, 7.5, 7.25], "texture": "#0"},
				"down": {"uv": [15.5, 7.5, 16, 10.5], "rotation": 180, "texture": "#0"}
			}
		}
	],
	"display": {
		"thirdperson_righthand": {
			"rotation": [30, 15, 0],
			"translation": [0, 0.25, -0.75],
			"scale": [0.6, 0.6, 0.6]
		},
		"firstperson_righthand": {
			"rotation": [0, 10, 5],
			"translation": [0.5, 0, -0.25],
			"scale": [0.65, 0.65, 0.65]
		},
		"ground": {
			"translation": [0, -0.5, 0],
			"scale": [0.6, 0.6, 0.6]
		},
		"gui": {
			"rotation": [16, 135, 0],
			"translation": [0.5, -1.75, 0],
			"scale": [0.9, 0.9, 0.9]
		},
		"head": {
			"rotation": [3.5, 0, 0],
			"translation": [0, -0.8, -0.25],
			"scale": [1.7, 1.7, 1.7]
		},
		"fixed": {
			"rotation": [118, 180, 180],
			"translation": [0, -0.75, -0.5]
		}
	},
	"groups": [
		{
			"name": "head",
			"origin": [8, 8, 8],
			"color": 2,
			"children": [0, 1, 2, 3, 4, 5, 6, 7]
		}
	]
}
